{
    "__comment": "Model generated using MrCrayfish's Model Creator (http://mrcrayfish.com/modelcreator/)",
    "textures": {
        "0": "blocks/wool_colored_gray",
        "1": "blocks/wool_colored_black",
        "2": "blocks/stone_andesite_smooth",
        "3": "blocks/bedrock"
    },
    "elements": [
        {
            "name": "Back",
            "from": [ 7.2, 3.0, -11.0 ], 
            "to": [ 8.8, 9.0, -10.0 ], 
            "faces": {
                "north": { "texture": "#0", "uv": [ 0.0, 0.0, 1.6, 6.0 ] },
                "east": { "texture": "#0", "uv": [ 0.0, 0.0, 1.0, 6.0 ] },
                "south": { "texture": "#0", "uv": [ 0.0, 0.0, 1.6, 6.0 ] },
                "west": { "texture": "#0", "uv": [ 0.0, 0.0, 1.0, 6.0 ] },
                "up": { "texture": "#0", "uv": [ 0.0, 0.0, 1.6, 1.0 ] },
                "down": { "texture": "#0", "uv": [ 0.0, 0.0, 1.6, 1.0 ] }
            }
        },
        {
            "name": "Back",
            "from": [ 7.2, 8.0, -11.0 ], 
            "to": [ 8.8, 9.0, 1.0 ], 
            "faces": {
                "north": { "texture": "#0", "uv": [ 0.0, 0.0, 1.6, 1.0 ] },
                "east": { "texture": "#0", "uv": [ 0.0, 0.0, 12.0, 1.0 ] },
                "south": { "texture": "#0", "uv": [ 0.0, 0.0, 1.6, 1.0 ] },
                "west": { "texture": "#0", "uv": [ 0.0, 0.0, 12.0, 1.0 ] },
                "up": { "texture": "#0", "uv": [ 0.0, 0.0, 1.6, 12.0 ] },
                "down": { "texture": "#0", "uv": [ 0.0, 0.0, 1.6, 12.0 ] }
            }
        },
        {
            "name": "Back",
            "from": [ 7.2, 3.0, -11.0 ], 
            "to": [ 8.8, 3.8, -9.0 ], 
            "faces": {
                "north": { "texture": "#0", "uv": [ 0.0, 0.0, 1.6, 0.8 ] },
                "east": { "texture": "#0", "uv": [ 0.0, 0.0, 2.0, 0.8 ] },
                "south": { "texture": "#0", "uv": [ 0.0, 0.0, 1.6, 0.8 ] },
                "west": { "texture": "#0", "uv": [ 0.0, 0.0, 2.0, 0.8 ] },
                "up": { "texture": "#0", "uv": [ 0.0, 0.0, 1.6, 2.0 ] },
                "down": { "texture": "#0", "uv": [ 0.0, 0.0, 1.6, 2.0 ] }
            }
        },
        {
            "name": "Back",
            "from": [ 7.2, 10.0, -9.5 ], 
            "to": [ 8.8, 10.8, 1.5 ], 
            "rotation": { "origin": [ 8.0, 8.0, 8.0 ], "axis": "x", "angle": -22.5 },
            "faces": {
                "north": { "texture": "#0", "uv": [ 0.0, 0.0, 1.6, 0.8 ] },
                "east": { "texture": "#0", "uv": [ 0.0, 0.0, 11.0, 0.8 ] },
                "south": { "texture": "#0", "uv": [ 0.0, 0.0, 1.6, 0.8 ] },
                "west": { "texture": "#0", "uv": [ 0.0, 0.0, 11.0, 0.8 ] },
                "up": { "texture": "#0", "uv": [ 0.0, 0.0, 1.6, 11.0 ] },
                "down": { "texture": "#0", "uv": [ 0.0, 0.0, 1.6, 11.0 ] }
            }
        },
        {
            "name": "Back",
            "from": [ 7.5, 5.5, -5.5 ], 
            "to": [ 8.5, 8.3, -4.7 ], 
            "faces": {
                "north": { "texture": "#0", "uv": [ 0.0, 0.0, 1.0, 2.8 ] },
                "east": { "texture": "#0", "uv": [ 0.0, 0.0, 0.8, 2.8 ] },
                "south": { "texture": "#0", "uv": [ 0.0, 0.0, 1.0, 2.8 ] },
                "west": { "texture": "#0", "uv": [ 0.0, 0.0, 0.8, 2.8 ] },
                "up": { "texture": "#0", "uv": [ 0.0, 0.0, 1.0, 0.8 ] },
                "down": { "texture": "#0", "uv": [ 0.0, 0.0, 1.0, 0.8 ] }
            }
        },
        {
            "name": "Back",
            "from": [ 7.5, 6.2, -2.5 ], 
            "to": [ 8.5, 9.0, -1.7 ], 
            "faces": {
                "north": { "texture": "#0", "uv": [ 0.0, 0.0, 1.0, 2.8 ] },
                "east": { "texture": "#0", "uv": [ 0.0, 0.0, 0.8, 2.8 ] },
                "south": { "texture": "#0", "uv": [ 0.0, 0.0, 1.0, 2.8 ] },
                "west": { "texture": "#0", "uv": [ 0.0, 0.0, 0.8, 2.8 ] },
                "up": { "texture": "#0", "uv": [ 0.0, 0.0, 1.0, 0.8 ] },
                "down": { "texture": "#0", "uv": [ 0.0, 0.0, 1.0, 0.8 ] }
            }
        },
        {
            "name": "Back",
            "from": [ 7.5, -0.2, -3.9 ], 
            "to": [ 8.5, 3.5999999999999996, -3.0999999999999996 ], 
            "rotation": { "origin": [ 8.0, 8.0, 8.0 ], "axis": "x", "angle": 22.5 },
            "faces": {
                "north": { "texture": "#0", "uv": [ 0.0, 0.0, 1.0, 3.8 ] },
                "east": { "texture": "#0", "uv": [ 0.0, 0.0, 0.8, 3.8 ] },
                "south": { "texture": "#0", "uv": [ 0.0, 0.0, 1.0, 3.8 ] },
                "west": { "texture": "#0", "uv": [ 0.0, 0.0, 0.8, 3.8 ] },
                "up": { "texture": "#0", "uv": [ 0.0, 0.0, 1.0, 0.8 ] },
                "down": { "texture": "#0", "uv": [ 0.0, 0.0, 1.0, 0.8 ] }
            }
        },
        {
            "name": "Back",
            "from": [ 7.5, 2.2, -1.5 ], 
            "to": [ 8.5, 3.4000000000000004, -0.6 ], 
            "rotation": { "origin": [ 8.0, 8.0, 8.0 ], "axis": "x", "angle": 22.5 },
            "faces": {
                "north": { "texture": "#0", "uv": [ 0.0, 0.0, 1.0, 1.2 ] },
                "east": { "texture": "#0", "uv": [ 0.0, 0.0, 0.9, 1.2 ] },
                "south": { "texture": "#0", "uv": [ 0.0, 0.0, 1.0, 1.2 ] },
                "west": { "texture": "#0", "uv": [ 0.0, 0.0, 0.9, 1.2 ] },
                "up": { "texture": "#0", "uv": [ 0.0, 0.0, 1.0, 0.9 ] },
                "down": { "texture": "#0", "uv": [ 0.0, 0.0, 1.0, 0.9 ] }
            }
        },
        {
            "name": "Back",
            "from": [ 7.5, 11.2, -2.1 ], 
            "to": [ 8.5, 12.399999999999999, -1.2000000000000002 ], 
            "rotation": { "origin": [ 8.0, 8.0, 8.0 ], "axis": "x", "angle": -22.5 },
            "faces": {
                "north": { "texture": "#0", "uv": [ 0.0, 0.0, 1.0, 1.2 ] },
                "east": { "texture": "#0", "uv": [ 0.0, 0.0, 0.9, 1.2 ] },
                "south": { "texture": "#0", "uv": [ 0.0, 0.0, 1.0, 1.2 ] },
                "west": { "texture": "#0", "uv": [ 0.0, 0.0, 0.9, 1.2 ] },
                "up": { "texture": "#0", "uv": [ 0.0, 0.0, 1.0, 0.9 ] },
                "down": { "texture": "#0", "uv": [ 0.0, 0.0, 1.0, 0.9 ] }
            }
        },
        {
            "name": "Back",
            "from": [ 7.5, 10.2, -4.9 ], 
            "to": [ 8.5, 13.399999999999999, -4.0 ], 
            "rotation": { "origin": [ 8.0, 8.0, 8.0 ], "axis": "x", "angle": -22.5 },
            "faces": {
                "north": { "texture": "#0", "uv": [ 0.0, 0.0, 1.0, 3.2 ] },
                "east": { "texture": "#0", "uv": [ 0.0, 0.0, 0.8999999999999999, 3.2 ] },
                "south": { "texture": "#0", "uv": [ 0.0, 0.0, 1.0, 3.2 ] },
                "west": { "texture": "#0", "uv": [ 0.0, 0.0, 0.8999999999999999, 3.2 ] },
                "up": { "texture": "#0", "uv": [ 0.0, 0.0, 1.0, 0.8999999999999999 ] },
                "down": { "texture": "#0", "uv": [ 0.0, 0.0, 1.0, 0.8999999999999999 ] }
            }
        },
        {
            "name": "Back",
            "from": [ 7.5, 10.2, -1.4 ], 
            "to": [ 8.5, 11.799999999999999, 1.5 ], 
            "rotation": { "origin": [ 8.0, 8.0, 8.0 ], "axis": "x", "angle": -22.5 },
            "faces": {
                "north": { "texture": "#0", "uv": [ 0.0, 0.0, 1.0, 1.6 ] },
                "east": { "texture": "#0", "uv": [ 0.0, 0.0, 2.9, 1.6 ] },
                "south": { "texture": "#0", "uv": [ 0.0, 0.0, 1.0, 1.6 ] },
                "west": { "texture": "#0", "uv": [ 0.0, 0.0, 2.9, 1.6 ] },
                "up": { "texture": "#0", "uv": [ 0.0, 0.0, 1.0, 2.9 ] },
                "down": { "texture": "#0", "uv": [ 0.0, 0.0, 1.0, 2.9 ] }
            }
        },
        {
            "name": "Frame",
            "from": [ 7.1, 7.199999999999999, 0.4 ], 
            "to": [ 8.9, 9.799999999999999, 4.3 ], 
            "faces": {
                "north": { "texture": "#0", "uv": [ 0.0, 0.0, 1.8, 2.6 ] },
                "east": { "texture": "#0", "uv": [ 0.0, 0.0, 3.9, 2.6 ] },
                "south": { "texture": "#0", "uv": [ 0.0, 0.0, 1.8, 2.6 ] },
                "west": { "texture": "#0", "uv": [ 0.0, 0.0, 3.9, 2.6 ] },
                "up": { "texture": "#0", "uv": [ 0.0, 0.0, 1.8, 3.9 ] },
                "down": { "texture": "#0", "uv": [ 0.0, 0.0, 1.8, 3.9 ] }
            }
        },
        {
            "name": "Frame",
            "from": [ 7.1, 11.0, -0.4 ], 
            "to": [ 8.9, 12.6, 3.8000000000000003 ], 
            "rotation": { "origin": [ 8.0, 8.0, 8.0 ], "axis": "x", "angle": -22.5 },
            "faces": {
                "north": { "texture": "#0", "uv": [ 0.0, 0.0, 1.8, 1.6 ] },
                "east": { "texture": "#0", "uv": [ 0.0, 0.0, 4.2, 1.6 ] },
                "south": { "texture": "#0", "uv": [ 0.0, 0.0, 1.8, 1.6 ] },
                "west": { "texture": "#0", "uv": [ 0.0, 0.0, 4.2, 1.6 ] },
                "up": { "texture": "#0", "uv": [ 0.0, 0.0, 1.8, 4.2 ] },
                "down": { "texture": "#0", "uv": [ 0.0, 0.0, 1.8, 4.2 ] }
            }
        },
        {
            "name": "Frame",
            "from": [ 7.0, 7.199999999999999, 2.4000000000000004 ], 
            "to": [ 9.0, 9.399999999999999, 23.299999999999997 ], 
            "faces": {
                "north": { "texture": "#0", "uv": [ 0.0, 0.0, 2.0, 2.2 ] },
                "east": { "texture": "#0", "uv": [ 0.0, 0.0, 15.899999999999999, 2.2 ] },
                "south": { "texture": "#0", "uv": [ 0.0, 0.0, 2.0, 2.2 ] },
                "west": { "texture": "#0", "uv": [ 0.0, 0.0, 15.899999999999999, 2.2 ] },
                "up": { "texture": "#0", "uv": [ 0.0, 0.0, 2.0, 15.899999999999999 ] },
                "down": { "texture": "#0", "uv": [ 0.0, 0.0, 2.0, 14.899999999999999 ] }
            }
        },
        {
            "name": "Frame",
            "from": [ 7.2, 9.0, 2.6 ], 
            "to": [ 8.8, 11.0, 23.3 ], 
            "faces": {
                "north": { "texture": "#0", "uv": [ 0.0, 0.0, 1.6, 2.0 ] },
                "east": { "texture": "#0", "uv": [ 0.0, 0.0, 15.7, 1.6 ] },
                "south": { "texture": "#0", "uv": [ 0.0, 0.0, 1.6, 2.0 ] },
                "west": { "texture": "#0", "uv": [ 0.0, 0.0, 15.7, 1.6 ] },
                "up": { "texture": "#0", "uv": [ 0.0, 0.0, 1.8, 15.7 ] },
                "down": { "texture": "#0", "uv": [ 0.0, 0.0, 1.8, 14.7 ] }
            }
        },
        {
            "name": "Bottom",
            "from": [ 7.2, 4.8, 2.4 ], 
            "to": [ 8.8, 7.4, 7.300000000000001 ], 
            "rotation": { "origin": [ 8.0, 8.0, 8.0 ], "axis": "x", "angle": 22.5 },
            "faces": {
                "north": { "texture": "#1", "uv": [ 0.0, 0.0, 1.6, 2.6 ] },
                "east": { "texture": "#1", "uv": [ 0.0, 0.0, 4.9, 2.6 ] },
                "south": { "texture": "#1", "uv": [ 0.0, 0.0, 1.6, 2.6 ] },
                "west": { "texture": "#1", "uv": [ 0.0, 0.0, 4.9, 2.6 ] },
                "up": { "texture": "#1", "uv": [ 0.0, 0.0, 1.6, 4.9 ] },
                "down": { "texture": "#1", "uv": [ 0.0, 0.0, 1.6, 4.9 ] }
            }
        },
        {
            "name": "Frame",
            "from": [ 7.1, 6.8, 0.0 ], 
            "to": [ 8.9, 8.4, 3.9000000000000004 ], 
            "faces": {
                "north": { "texture": "#0", "uv": [ 0.0, 0.0, 1.8, 1.6 ] },
                "east": { "texture": "#0", "uv": [ 0.0, 0.0, 3.9000000000000004, 1.6 ] },
                "south": { "texture": "#0", "uv": [ 0.0, 0.0, 1.8, 1.6 ] },
                "west": { "texture": "#0", "uv": [ 0.0, 0.0, 3.9000000000000004, 1.6 ] },
                "up": { "texture": "#0", "uv": [ 0.0, 0.0, 1.8, 3.9000000000000004 ] },
                "down": { "texture": "#0", "uv": [ 0.0, 0.0, 1.8, 3.9000000000000004 ] }
            }
        },
        {
            "name": "Bottom",
            "from": [ 7.2, 5.3, 6.1 ], 
            "to": [ 8.8, 7.9, 15.0 ], 
            "faces": {
                "north": { "texture": "#1", "uv": [ 0.0, 0.0, 1.6, 2.6 ] },
                "east": { "texture": "#1", "uv": [ 0.0, 0.0, 8.9, 2.6 ] },
                "south": { "texture": "#1", "uv": [ 0.0, 0.0, 1.6, 2.6 ] },
                "west": { "texture": "#1", "uv": [ 0.0, 0.0, 8.9, 2.6 ] },
                "up": { "texture": "#1", "uv": [ 0.0, 0.0, 1.6, 8.9 ] },
                "down": { "texture": "#1", "uv": [ 0.0, 0.0, 1.6, 8.9 ] }
            }
        },
        {
            "name": "Bottom",
            "from": [ 7.2, 2.3, 9.4 ], 
            "to": [ 8.8, 5.8999999999999995, 14.3 ], 
            "rotation": { "origin": [ 8.0, 8.0, 8.0 ], "axis": "x", "angle": -22.5 },
            "faces": {
                "north": { "texture": "#1", "uv": [ 0.0, 0.0, 1.6, 3.5999999999999996 ] },
                "east": { "texture": "#1", "uv": [ 0.0, 0.0, 4.9, 3.5999999999999996 ] },
                "south": { "texture": "#1", "uv": [ 0.0, 0.0, 1.6, 3.5999999999999996 ] },
                "west": { "texture": "#1", "uv": [ 0.0, 0.0, 4.9, 3.5999999999999996 ] },
                "up": { "texture": "#1", "uv": [ 0.0, 0.0, 1.6, 4.9 ] },
                "down": { "texture": "#1", "uv": [ 0.0, 0.0, 1.6, 4.9 ] }
            }
        },
        {
            "name": "Bottom",
            "from": [ 7.2, -1.3, 5.4 ], 
            "to": [ 8.8, 5.3, 8.3 ], 
            "rotation": { "origin": [ 8.0, 8.0, 8.0 ], "axis": "x", "angle": 22.5 },
            "faces": {
                "north": { "texture": "#1", "uv": [ 0.0, 0.0, 1.6, 6.6 ] },
                "east": { "texture": "#1", "uv": [ 0.0, 0.0, 2.9000000000000004, 6.6 ] },
                "south": { "texture": "#1", "uv": [ 0.0, 0.0, 1.6, 6.6 ] },
                "west": { "texture": "#1", "uv": [ 0.0, 0.0, 2.9000000000000004, 6.6 ] },
                "up": { "texture": "#1", "uv": [ 0.0, 0.0, 1.6, 2.9000000000000004 ] },
                "down": { "texture": "#1", "uv": [ 0.0, 0.0, 1.6, 2.9000000000000004 ] }
            }
        },
        {
            "name": "Handle",
            "from": [ 7.2, 4.7, 4.1 ], 
            "to": [ 8.8, 6.2, 6.0 ], 
            "faces": {
                "north": { "texture": "#1", "uv": [ 0.0, 0.0, 1.6, 1.5 ] },
                "east": { "texture": "#1", "uv": [ 0.0, 0.0, 1.9000000000000004, 1.5 ] },
                "south": { "texture": "#1", "uv": [ 0.0, 0.0, 1.6, 1.5 ] },
                "west": { "texture": "#1", "uv": [ 0.0, 0.0, 1.9000000000000004, 1.5 ] },
                "up": { "texture": "#1", "uv": [ 0.0, 0.0, 1.6, 1.9000000000000004 ] },
                "down": { "texture": "#1", "uv": [ 0.0, 0.0, 1.6, 1.9000000000000004 ] }
            }
        },
        {
            "name": "Handle",
            "from": [ 7.2, 6.7, 3.5 ], 
            "to": [ 8.8, 8.2, 4.4 ], 
            "rotation": { "origin": [ 8.0, 8.0, 8.0 ], "axis": "x", "angle": -22.5 },
            "faces": {
                "north": { "texture": "#1", "uv": [ 0.0, 0.0, 1.6, 1.5 ] },
                "east": { "texture": "#1", "uv": [ 0.0, 0.0, 0.9000000000000004, 1.5 ] },
                "south": { "texture": "#1", "uv": [ 0.0, 0.0, 1.6, 1.5 ] },
                "west": { "texture": "#1", "uv": [ 0.0, 0.0, 0.9000000000000004, 1.5 ] },
                "up": { "texture": "#1", "uv": [ 0.0, 0.0, 1.6, 0.9000000000000004 ] },
                "down": { "texture": "#1", "uv": [ 0.0, 0.0, 1.6, 0.9000000000000004 ] }
            }
        },
        {
            "name": "Handle",
            "from": [ 7.2, 2.7, 8.3 ], 
            "to": [ 8.8, 3.0, 9.5 ], 
            "rotation": { "origin": [ 8.0, 8.0, 8.0 ], "axis": "x", "angle": 22.5 },
            "faces": {
                "north": { "texture": "#1", "uv": [ 0.0, 0.0, 1.6, 0.3 ] },
                "east": { "texture": "#1", "uv": [ 0.0, 0.0, 1.2, 0.3 ] },
                "south": { "texture": "#1", "uv": [ 0.0, 0.0, 1.6, 0.3 ] },
                "west": { "texture": "#1", "uv": [ 0.0, 0.0, 1.2, 0.3 ] },
                "up": { "texture": "#1", "uv": [ 0.0, 0.0, 1.6, 1.2 ] },
                "down": { "texture": "#1", "uv": [ 0.0, 0.0, 1.6, 1.2 ] }
            }
        },
        {
            "name": "Handle",
            "from": [ 7.2, 2.5, 7.300000000000001 ], 
            "to": [ 8.8, 2.8, 10.0 ], 
            "faces": {
                "north": { "texture": "#1", "uv": [ 0.0, 0.0, 1.6, 0.3 ] },
                "east": { "texture": "#1", "uv": [ 0.0, 0.0, 2.7, 0.3 ] },
                "south": { "texture": "#1", "uv": [ 0.0, 0.0, 1.6, 0.3 ] },
                "west": { "texture": "#1", "uv": [ 0.0, 0.0, 2.7, 0.3 ] },
                "up": { "texture": "#1", "uv": [ 0.0, 0.0, 1.6, 2.7 ] },
                "down": { "texture": "#1", "uv": [ 0.0, 0.0, 1.6, 2.7 ] }
            }
        },
        {
            "name": "Trigger",
            "from": [ 7.2, 2.7, 5.5 ], 
            "to": [ 8.8, 3.0, 8.2 ], 
            "rotation": { "origin": [ 8.0, 8.0, 8.0 ], "axis": "x", "angle": -45.0 },
            "faces": {
                "north": { "texture": "#1", "uv": [ 0.0, 0.0, 1.6, 0.3 ] },
                "east": { "texture": "#1", "uv": [ 0.0, 0.0, 2.7, 0.3 ] },
                "south": { "texture": "#1", "uv": [ 0.0, 0.0, 1.6, 0.3 ] },
                "west": { "texture": "#1", "uv": [ 0.0, 0.0, 2.7, 0.3 ] },
                "up": { "texture": "#1", "uv": [ 0.0, 0.0, 1.6, 2.7 ] },
                "down": { "texture": "#1", "uv": [ 0.0, 0.0, 1.6, 2.7 ] }
            }
        },
        {
            "name": "Handle",
            "from": [ 7.2, 3.4, 10.8 ], 
            "to": [ 8.8, 4.8, 11.5 ], 
            "faces": {
                "north": { "texture": "#1", "uv": [ 0.0, 0.0, 1.6, 1.4 ] },
                "east": { "texture": "#1", "uv": [ 0.0, 0.0, 0.7, 1.4 ] },
                "south": { "texture": "#1", "uv": [ 0.0, 0.0, 1.6, 1.4 ] },
                "west": { "texture": "#1", "uv": [ 0.0, 0.0, 0.7, 1.4 ] },
                "up": { "texture": "#1", "uv": [ 0.0, 0.0, 1.6, 0.7 ] },
                "down": { "texture": "#1", "uv": [ 0.0, 0.0, 1.6, 0.7 ] }
            }
        },
        {
            "name": "Trigger",
            "from": [ 7.5, 4.4, 8.8 ], 
            "to": [ 8.5, 5.800000000000001, 9.200000000000001 ], 
            "rotation": { "origin": [ 8.0, 8.0, 8.0 ], "axis": "x", "angle": 22.5 },
            "faces": {
                "north": { "texture": "#0", "uv": [ 0.0, 0.0, 1.0, 1.4 ] },
                "east": { "texture": "#0", "uv": [ 0.0, 0.0, 0.4, 1.4 ] },
                "south": { "texture": "#0", "uv": [ 0.0, 0.0, 1.0, 1.4 ] },
                "west": { "texture": "#0", "uv": [ 0.0, 0.0, 0.4, 1.4 ] },
                "up": { "texture": "#0", "uv": [ 0.0, 0.0, 1.0, 0.4 ] },
                "down": { "texture": "#0", "uv": [ 0.0, 0.0, 1.0, 0.4 ] }
            }
        },
        {
            "name": "Trigger",
            "from": [ 7.5, 3.4000000000000004, 7.4 ], 
            "to": [ 8.5, 4.5, 7.800000000000001 ], 
            "faces": {
                "north": { "texture": "#0", "uv": [ 0.0, 0.0, 1.0, 1.1 ] },
                "east": { "texture": "#0", "uv": [ 0.0, 0.0, 0.4, 1.1 ] },
                "south": { "texture": "#0", "uv": [ 0.0, 0.0, 1.0, 1.1 ] },
                "west": { "texture": "#0", "uv": [ 0.0, 0.0, 0.4, 1.1 ] },
                "up": { "texture": "#0", "uv": [ 0.0, 0.0, 1.0, 0.4 ] },
                "down": { "texture": "#0", "uv": [ 0.0, 0.0, 1.0, 0.4 ] }
            }
        },
        {
            "name": "Trigger",
            "from": [ 7.5, 3.4000000000000004, 5.7 ], 
            "to": [ 8.5, 4.0, 6.1 ], 
            "rotation": { "origin": [ 8.0, 8.0, 8.0 ], "axis": "x", "angle": -22.5 },
            "faces": {
                "north": { "texture": "#0", "uv": [ 0.0, 0.0, 1.0, 0.6 ] },
                "east": { "texture": "#0", "uv": [ 0.0, 0.0, 0.3999999999999999, 0.6 ] },
                "south": { "texture": "#0", "uv": [ 0.0, 0.0, 1.0, 0.6 ] },
                "west": { "texture": "#0", "uv": [ 0.0, 0.0, 0.3999999999999999, 0.6 ] },
                "up": { "texture": "#0", "uv": [ 0.0, 0.0, 1.0, 0.3999999999999999 ] },
                "down": { "texture": "#0", "uv": [ 0.0, 0.0, 1.0, 0.3999999999999999 ] }
            }
        },
        {
            "name": "IronSight",
            "from": [ 7.1, 12.5, 4.1 ], 
            "to": [ 7.5, 14.6, 7.0 ], 
            "rotation": { "origin": [ 8.0, 8.0, 8.0 ], "axis": "x", "angle": -45.0 },
            "faces": {
                "north": { "texture": "#0", "uv": [ 0.0, 0.0, 0.4, 2.1 ] },
                "east": { "texture": "#0", "uv": [ 0.0, 0.0, 2.9, 2.1 ] },
                "south": { "texture": "#0", "uv": [ 0.0, 0.0, 0.4, 2.1 ] },
                "west": { "texture": "#0", "uv": [ 0.0, 0.0, 2.9, 2.1 ] },
                "up": { "texture": "#0", "uv": [ 0.0, 0.0, 0.4, 2.9 ] },
                "down": { "texture": "#0", "uv": [ 0.0, 0.0, 0.4, 2.9 ] }
            }
        },
        {
            "name": "IronSight",
            "from": [ 8.5, 12.5, 4.1 ], 
            "to": [ 8.9, 14.6, 7.0 ], 
            "rotation": { "origin": [ 8.0, 8.0, 8.0 ], "axis": "x", "angle": -45.0 },
            "faces": {
                "north": { "texture": "#0", "uv": [ 0.0, 0.0, 0.4, 2.1 ] },
                "east": { "texture": "#0", "uv": [ 0.0, 0.0, 2.9, 2.1 ] },
                "south": { "texture": "#0", "uv": [ 0.0, 0.0, 0.4, 2.1 ] },
                "west": { "texture": "#0", "uv": [ 0.0, 0.0, 2.9, 2.1 ] },
                "up": { "texture": "#0", "uv": [ 0.0, 0.0, 0.4, 2.9 ] },
                "down": { "texture": "#0", "uv": [ 0.0, 0.0, 0.4, 2.9 ] }
            }
        },
        {
            "name": "IronSight",
            "from": [ 7.1, 10.5, 2.7 ], 
            "to": [ 7.5, 12.0, 4.6 ], 
            "faces": {
                "north": { "texture": "#0", "uv": [ 0.0, 0.0, 0.4, 1.5 ] },
                "east": { "texture": "#0", "uv": [ 0.0, 0.0, 1.9, 1.5 ] },
                "south": { "texture": "#0", "uv": [ 0.0, 0.0, 0.4, 1.5 ] },
                "west": { "texture": "#0", "uv": [ 0.0, 0.0, 1.9, 1.5 ] },
                "up": { "texture": "#0", "uv": [ 0.0, 0.0, 0.4, 1.9 ] },
                "down": { "texture": "#0", "uv": [ 0.0, 0.0, 0.4, 1.9 ] }
            }
        },
        {
            "name": "IronSight",
            "from": [ 8.5, 10.5, 2.7 ], 
            "to": [ 8.9, 12.0, 4.6 ], 
            "faces": {
                "north": { "texture": "#0", "uv": [ 0.0, 0.0, 0.4, 1.5 ] },
                "east": { "texture": "#0", "uv": [ 0.0, 0.0, 1.9, 1.5 ] },
                "south": { "texture": "#0", "uv": [ 0.0, 0.0, 0.4, 1.5 ] },
                "west": { "texture": "#0", "uv": [ 0.0, 0.0, 1.9, 1.5 ] },
                "up": { "texture": "#0", "uv": [ 0.0, 0.0, 0.4, 1.9 ] },
                "down": { "texture": "#0", "uv": [ 0.0, 0.0, 0.4, 1.9 ] }
            }
        },
        {
            "name": "Top",
            "from": [ 7.1, 10.8, 5.3 ], 
            "to": [ 8.9, 11.4, 14.2 ], 
            "faces": {
                "north": { "texture": "#0", "uv": [ 0.0, 0.0, 1.8, 0.6 ] },
                "east": { "texture": "#0", "uv": [ 0.0, 0.0, 8.9, 0.6 ] },
                "south": { "texture": "#0", "uv": [ 0.0, 0.0, 1.8, 0.6 ] },
                "west": { "texture": "#0", "uv": [ 0.0, 0.0, 8.9, 0.6 ] },
                "up": { "texture": "#0", "uv": [ 0.0, 0.0, 1.8, 8.9 ] },
                "down": { "texture": "#0", "uv": [ 0.0, 0.0, 1.8, 8.9 ] }
            }
        },
        {
            "name": "Front",
            "from": [ 7.0, 6.5, 17.0 ], 
            "to": [ 9.0, 11.0, 23.6 ], 
            "faces": {
                "north": { "texture": "#0", "uv": [ 0.0, 0.0, 2.0, 4.5 ] },
                "east": { "texture": "#0", "uv": [ 0.0, 0.0, 6.6, 4.5 ] },
                "south": { "texture": "#0", "uv": [ 0.0, 0.0, 2.0, 4.5 ] },
                "west": { "texture": "#0", "uv": [ 0.0, 0.0, 6.6, 4.5 ] },
                "up": { "texture": "#0", "uv": [ 0.0, 0.0, 2.0, 6.6 ] },
                "down": { "texture": "#0", "uv": [ 0.0, 0.0, 2.0, 6.6 ] }
            }
        },
        {
            "name": "Front",
            "from": [ 7.1, 5.5, 22.7 ], 
            "to": [ 8.9, 11.6, 23.5 ], 
            "faces": {
                "north": { "texture": "#0", "uv": [ 0.0, 0.0, 1.8, 6.1 ] },
                "east": { "texture": "#0", "uv": [ 0.0, 0.0, 0.7999999999999998, 6.1 ] },
                "south": { "texture": "#0", "uv": [ 0.0, 0.0, 1.8, 6.1 ] },
                "west": { "texture": "#0", "uv": [ 0.0, 0.0, 0.7999999999999998, 6.1 ] },
                "up": { "texture": "#0", "uv": [ 0.0, 0.0, 1.8, 0.7999999999999998 ] },
                "down": { "texture": "#0", "uv": [ 0.0, 0.0, 1.8, 0.7999999999999998 ] }
            }
        },
        {
            "name": "Front",
            "from": [ 7.1, 10.5, 21.5 ], 
            "to": [ 8.9, 12.0, 23.3 ], 
            "faces": {
                "north": { "texture": "#0", "uv": [ 0.0, 0.0, 1.8, 1.5 ] },
                "east": { "texture": "#0", "uv": [ 0.0, 0.0, 1.8, 1.5 ] },
                "south": { "texture": "#0", "uv": [ 0.0, 0.0, 1.8, 1.5 ] },
                "west": { "texture": "#0", "uv": [ 0.0, 0.0, 1.8, 1.5 ] },
                "up": { "texture": "#0", "uv": [ 0.0, 0.0, 1.8, 1.8 ] },
                "down": { "texture": "#0", "uv": [ 0.0, 0.0, 1.8, 1.8 ] }
            }
        },
        {
            "name": "Front",
            "from": [ 7.1, 18.5, 14.7 ], 
            "to": [ 8.9, 20.4, 15.7 ], 
            "rotation": { "origin": [ 8.0, 8.0, 8.0 ], "axis": "x", "angle": 45.0 },
            "faces": {
                "north": { "texture": "#0", "uv": [ 0.0, 0.0, 1.8, 1.9 ] },
                "east": { "texture": "#0", "uv": [ 0.0, 0.0, 1.0, 1.9 ] },
                "south": { "texture": "#0", "uv": [ 0.0, 0.0, 1.8, 1.9 ] },
                "west": { "texture": "#0", "uv": [ 0.0, 0.0, 1.0, 1.9 ] },
                "up": { "texture": "#0", "uv": [ 0.0, 0.0, 1.8, 1.0 ] },
                "down": { "texture": "#0", "uv": [ 0.0, 0.0, 1.8, 1.0 ] }
            }
        },
        {
            "name": "Front",
            "from": [ 7.2, 11.5, 21.7 ], 
            "to": [ 7.4, 13.0, 23.099999999999998 ], 
            "faces": {
                "north": { "texture": "#0", "uv": [ 0.0, 0.0, 0.2, 1.5 ] },
                "east": { "texture": "#0", "uv": [ 0.0, 0.0, 1.4, 1.5 ] },
                "south": { "texture": "#0", "uv": [ 0.0, 0.0, 0.2, 1.5 ] },
                "west": { "texture": "#0", "uv": [ 0.0, 0.0, 1.4, 1.5 ] },
                "up": { "texture": "#0", "uv": [ 0.0, 0.0, 0.2, 1.4 ] },
                "down": { "texture": "#0", "uv": [ 0.0, 0.0, 0.2, 1.4 ] }
            }
        },
        {
            "name": "Front",
            "from": [ 8.6, 11.5, 21.7 ], 
            "to": [ 8.799999999999999, 13.0, 23.099999999999998 ], 
            "faces": {
                "north": { "texture": "#0", "uv": [ 0.0, 0.0, 0.2, 1.5 ] },
                "east": { "texture": "#0", "uv": [ 0.0, 0.0, 1.4, 1.5 ] },
                "south": { "texture": "#0", "uv": [ 0.0, 0.0, 0.2, 1.5 ] },
                "west": { "texture": "#0", "uv": [ 0.0, 0.0, 1.4, 1.5 ] },
                "up": { "texture": "#0", "uv": [ 0.0, 0.0, 0.2, 1.4 ] },
                "down": { "texture": "#0", "uv": [ 0.0, 0.0, 0.2, 1.4 ] }
            }
        },
        {
            "name": "Front",
            "from": [ 3.9, 11.0, 21.7 ], 
            "to": [ 4.1, 11.4, 23.099999999999998 ], 
            "rotation": { "origin": [ 8.0, 8.0, 8.0 ], "axis": "z", "angle": -45.0 },
            "faces": {
                "north": { "texture": "#0", "uv": [ 0.0, 0.0, 0.2, 0.4 ] },
                "east": { "texture": "#0", "uv": [ 0.0, 0.0, 1.4, 0.4 ] },
                "south": { "texture": "#0", "uv": [ 0.0, 0.0, 0.2, 0.4 ] },
                "west": { "texture": "#0", "uv": [ 0.0, 0.0, 1.4, 0.4 ] },
                "up": { "texture": "#0", "uv": [ 0.0, 0.0, 0.2, 1.4 ] },
                "down": { "texture": "#0", "uv": [ 0.0, 0.0, 0.2, 1.4 ] }
            }
        },
        {
            "name": "Front",
            "from": [ 11.9, 11.0, 21.7 ], 
            "to": [ 12.1, 11.4, 23.099999999999998 ], 
            "rotation": { "origin": [ 8.0, 8.0, 8.0 ], "axis": "z", "angle": 45.0 },
            "faces": {
                "north": { "texture": "#0", "uv": [ 0.0, 0.0, 0.2, 0.4 ] },
                "east": { "texture": "#0", "uv": [ 0.0, 0.0, 1.4, 0.4 ] },
                "south": { "texture": "#0", "uv": [ 0.0, 0.0, 0.2, 0.4 ] },
                "west": { "texture": "#0", "uv": [ 0.0, 0.0, 1.4, 0.4 ] },
                "up": { "texture": "#0", "uv": [ 0.0, 0.0, 0.2, 1.4 ] },
                "down": { "texture": "#0", "uv": [ 0.0, 0.0, 0.2, 1.4 ] }
            }
        },
        {
            "name": "Front",
            "from": [ 7.5, 13.1, 21.7 ], 
            "to": [ 8.5, 13.299999999999999, 23.099999999999998 ], 
            "faces": {
                "north": { "texture": "#0", "uv": [ 0.0, 0.0, 1.0, 0.2 ] },
                "east": { "texture": "#0", "uv": [ 0.0, 0.0, 1.4, 0.2 ] },
                "south": { "texture": "#0", "uv": [ 0.0, 0.0, 1.0, 0.2 ] },
                "west": { "texture": "#0", "uv": [ 0.0, 0.0, 1.4, 0.2 ] },
                "up": { "texture": "#0", "uv": [ 0.0, 0.0, 1.0, 1.4 ] },
                "down": { "texture": "#0", "uv": [ 0.0, 0.0, 1.0, 1.4 ] }
            }
        },
        {
            "name": "Barrel",
            "from": [ 7.5, 8.0, 23.5 ], 
            "to": [ 8.5, 9.0, 26.3 ], 
            "faces": {
                "north": { "texture": "#2", "uv": [ 0.0, 0.0, 1.0, 1.0 ] },
                "east": { "texture": "#2", "uv": [ 0.0, 0.0, 2.8, 1.0 ] },
                "south": { "texture": "#2", "uv": [ 0.0, 0.0, 1.0, 1.0 ] },
                "west": { "texture": "#2", "uv": [ 0.0, 0.0, 2.8, 1.0 ] },
                "up": { "texture": "#2", "uv": [ 0.0, 0.0, 1.0, 2.8 ] },
                "down": { "texture": "#2", "uv": [ 0.0, 0.0, 1.0, 2.8 ] }
            }
        },
        {
            "name": "Side",
            "from": [ 6.9, 7.0, 16.5 ], 
            "to": [ 9.100000000000001, 9.3, 23.3 ], 
            "faces": {
                "north": { "texture": "#3", "uv": [ 0.0, 0.0, 2.2, 2.3 ] },
                "east": { "texture": "#3", "uv": [ 0.0, 0.0, 6.8, 2.3 ] },
                "south": { "texture": "#3", "uv": [ 0.0, 0.0, 2.2, 2.3 ] },
                "west": { "texture": "#3", "uv": [ 0.0, 0.0, 6.8, 2.3 ] },
                "up": { "texture": "#3", "uv": [ 0.0, 0.0, 2.2, 6.8 ] },
                "down": { "texture": "#3", "uv": [ 0.0, 0.0, 2.2, 6.8 ] }
            }
        }
    ],
"display": {
    "thirdperson_righthand": {
        "rotation": [ 180, 0, 180 ],
        "translation": [ 0, 1.1, -2 ],
        "scale": [ 0.6, 0.6, 0.6 ]
    },
    "ground": {
        "rotation": [ 0, 0, 0 ],
        "translation": [ 0, 0, 0 ],
        "scale": [ 0.6, 0.6, 0.6 ]
    },
    "fixed": {
        "rotation": [ 0, 90, 0 ],
        "translation": [ 0, 0, 0 ],
        "scale": [ 1, 1, 1 ]
    },
    "firstperson_righthand": {
        "rotation": [ 180, 0, 180 ],
        "translation": [ 0, 2, -6 ],
        "scale": [ 1, 1, 1]
    },
    "gui": {
        "rotation": [-30, -45, -20 ],
        "translation": [ 1.8, 0, 0 ],
        "scale": [ 0.6, 0.6, 0.6]
    }
}
}